﻿pos_x,pos_y,rotation,side,designator,mpn,pack,footprint,value,mount_type
38.725,-71.25,0.0,top,C1,,,C_0603_1608Metric,100nF,smt
60.725,-69.25,0.0,top,C2,,,C_0603_1608Metric,100nF,smt
37.926001,-50.811999,-90.0,top,C3,,,C_0603_1608Metric,0.1µ,smt
54.436,-50.796,-90.0,top,C4,,,C_0603_1608Metric,0.1µ,smt
79.836,-50.907,-90.0,top,C5,,,C_0603_1608Metric,0.1µ,smt
95.263,-45.72,0.0,top,C6,,,C_0603_1608Metric,0.1µ,smt
119.126,-86.36,90.0,top,C7,,,C_0603_1608Metric,0.1µ,smt
22.75,-65.75,-90.0,top,D1,,,D_SOD-523,1N4148WT,smt
44.5,-65.55,-90.0,top,D2,,,D_SOD-523,1N4148WT,smt
31.750001,-50.799999,0.0,top,D3,,,LED_WS2812B_PLCC4_5.0x5.0mm_P3.2mm,WS2812B,smt
48.26,-50.8,0.0,top,D4,,,LED_WS2812B_PLCC4_5.0x5.0mm_P3.2mm,WS2812B,smt
73.66,-50.8,0.0,top,D5,,,LED_WS2812B_PLCC4_5.0x5.0mm_P3.2mm,WS2812B,smt
90.17,-50.8,0.0,top,D6,,,LED_WS2812B_PLCC4_5.0x5.0mm_P3.2mm,WS2812B,smt
117.348,-80.759,90.0,top,D7,,,LED_WS2812B_PLCC4_5.0x5.0mm_P3.2mm,WS2812B,smt
31.75,-35.1,0.0,top,J1,,,Jack_3.5mm_CUI_SJ-3523-SMT_Horizontal,Midi IN 1,smt
99.822,-39.624,0.0,top,J10,,,PinHeader_1x12_P2.54mm_Vertical,USB Shield left,tht
72.898,-64.516,90.0,top,J12,,,PinHeader_1x04_P2.54mm_Vertical,Display,tht
22.25,-101.31,180.0,top,J13,,,PinHeader_1x04_P2.54mm_Vertical,Spare,tht
48.15,-35.1,0.0,top,J2,,,Jack_3.5mm_CUI_SJ-3523-SMT_Horizontal,Midi IN 2,smt
73.66,-35.1,0.0,top,J3,,,Jack_3.5mm_CUI_SJ-3523-SMT_Horizontal,Midi OUT 1,smt
90.17,-35.1,0.0,top,J4,,,Jack_3.5mm_CUI_SJ-3523-SMT_Horizontal,Midi OUT 2,smt
53.34,-81.539,0.0,top,J5,,,PinHeader_1x15_P2.54mm_Vertical,ESP32 right,tht
27.94,-81.539,0.0,top,J6,,,PinHeader_1x15_P2.54mm_Vertical,ESP32 left,tht
58.46,-35.806,0.0,top,J7,,,TerminalBlock_RND_205-00001_1x02_P5.00mm_Horizontal,Input Voltage,tht
115.316,-39.624,0.0,top,J8,,,PinHeader_1x12_P2.54mm_Vertical,USB Shield outer right,tht
112.522,-39.624,0.0,top,J9,,,PinHeader_1x05_P2.54mm_Vertical,USB Shield inner right,tht
36.005,-45.72,0.0,top,R1,,,R_0603_1608Metric,220,smt
84.391,-46.99,0.0,top,R10,,,R_0603_1608Metric,10,smt
38.1,-56.325,-90.0,top,R11,,,R_0603_1608Metric,330,smt
72.62,-98.24,90.0,top,R12,,,R_0603_1608Metric,10k,smt
88.28,-98.24,90.0,top,R13,,,R_0603_1608Metric,10k,smt
103.94,-98.24,90.0,top,R14,,,R_0603_1608Metric,10k,smt
118.37,-98.14,90.0,top,R15,,,R_0603_1608Metric,10k,smt
106.564,-72.604,180.0,top,R16,,,R_0603_1608Metric,10k,smt
38.992,-66.932,90.0,top,R2,,,R_0603_1608Metric,470,smt
38.992,-62.551,-90.0,top,R3,,,R_0603_1608Metric,4k7,smt
52.515,-45.72,180.0,top,R4,,,R_0603_1608Metric,220,smt
61.22,-65.005,90.0,top,R5,,,R_0603_1608Metric,470,smt
61.22,-60.868,90.0,top,R6,,,R_0603_1608Metric,4k7,smt
79.311,-46.99,0.0,top,R7,,,R_0603_1608Metric,33,smt
68.389,-46.736,0.0,top,R8,,,R_0603_1608Metric,10,smt
91.377,-45.72,0.0,top,R9,,,R_0603_1608Metric,33,smt
66.08,-115.47,90.0,top,SW1,,,SW_PUSH-12mm_Wuerth-430476085716,SW_Push,tht
81.32,-115.47,90.0,top,SW2,,,SW_PUSH-12mm_Wuerth-430476085716,SW_Push,tht
96.56,-115.47,90.0,top,SW3,,,SW_PUSH-12mm_Wuerth-430476085716,SW_Push,tht
111.84,-115.37,90.0,top,SW4,,,SW_PUSH-12mm_Wuerth-430476085716,SW_Push,tht
94.604,-78.78,0.0,top,SW5,,,RotaryEncoder_Alps_EC11E-Switch_Vertical_H20mm,RotaryEncoder_Switch,tht
30.1,-65.69,0.0,top,U1,,,SOP-8_6.605x9.655mm_P2.54mm,6N138,smt
52.25,-65.25,0.0,top,U2,,,SOP-8_6.605x9.655mm_P2.54mm,6N138,smt
63.5,-45.537,180.0,top,U3,,,TO-220-3_Vertical,LM7805_TO220,tht
