﻿Designator,Quantity,Value,Footprint,Package,MPN,DNP,Mount_Type,Description,Sim.Device,Sim.Pins
"C1, C2",2,100nF,C_0603_1608Metric,,,,smt,Polarized capacitor,,
"C3, C4, C5, C6, C7",5,0.1µ,C_0603_1608Metric,,,,smt,,,
"D1, D2",2,1N4148WT,D_SOD-523,,,,smt,"75V 0.15A Fast switching Diode, SOD-523",D,1=K 2=A
"D3, D4, D5, D6, D7",5,WS2812B,LED_WS2812B_PLCC4_5.0x5.0mm_P3.2mm,,,,smt,RGB LED with integrated controller,,
J1,1,Midi IN 1,Jack_3.5mm_CUI_SJ-3523-SMT_Horizontal,,,,smt,"Audio Jack, 3 Poles (Stereo / TRS)",,
J10,1,USB Shield left,PinHeader_1x12_P2.54mm_Vertical,,,,tht,"Generic connector, single row, 01x12, script generated",,
J12,1,Display,PinHeader_1x04_P2.54mm_Vertical,,,,tht,"Generic connector, single row, 01x04, script generated",,
J13,1,Spare,PinHeader_1x04_P2.54mm_Vertical,,,,tht,"Generic connector, single row, 01x04, script generated",,
J2,1,Midi IN 2,Jack_3.5mm_CUI_SJ-3523-SMT_Horizontal,,,,smt,"Audio Jack, 3 Poles (Stereo / TRS)",,
J3,1,Midi OUT 1,Jack_3.5mm_CUI_SJ-3523-SMT_Horizontal,,,,smt,"Audio Jack, 3 Poles (Stereo / TRS)",,
J4,1,Midi OUT 2,Jack_3.5mm_CUI_SJ-3523-SMT_Horizontal,,,,smt,"Audio Jack, 3 Poles (Stereo / TRS)",,
J5,1,ESP32 right,PinHeader_1x15_P2.54mm_Vertical,,,,tht,"Generic connector, single row, 01x15, script generated",,
J6,1,ESP32 left,PinHeader_1x15_P2.54mm_Vertical,,,,tht,"Generic connector, single row, 01x15, script generated",,
J7,1,Input Voltage,TerminalBlock_RND_205-00001_1x02_P5.00mm_Horizontal,,,,tht,"Generic connector, single row, 01x02, script generated",,
J8,1,USB Shield outer right,PinHeader_1x12_P2.54mm_Vertical,,,,tht,"Generic connector, single row, 01x12, script generated",,
J9,1,USB Shield inner right,PinHeader_1x05_P2.54mm_Vertical,,,,tht,"Generic connector, single row, 01x05, script generated",,
"R1, R4",2,220,R_0603_1608Metric,,,,smt,Resistor,,
"R10, R8",2,10,R_0603_1608Metric,,,,smt,Resistor,,
R11,1,330,R_0603_1608Metric,,,,smt,Resistor,,
"R12, R13, R14, R15, R16",5,10k,R_0603_1608Metric,,,,smt,Resistor,,
"R2, R5",2,470,R_0603_1608Metric,,,,smt,Resistor,,
"R3, R6",2,4k7,R_0603_1608Metric,,,,smt,Resistor,,
"R7, R9",2,33,R_0603_1608Metric,,,,smt,Resistor,,
"SW1, SW2, SW3, SW4",4,SW_Push,SW_PUSH-12mm_Wuerth-430476085716,,,,tht,"Push button switch, generic, two pins",,
SW5,1,RotaryEncoder_Switch,RotaryEncoder_Alps_EC11E-Switch_Vertical_H20mm,,,,tht,"Rotary encoder, dual channel, incremental quadrate outputs, with switch",,
"U1, U2",2,6N138,SOP-8_6.605x9.655mm_P2.54mm,,,,smt,"Low Input Current high Gain Split Darlington Optocouplers, -0.5V to 7V VDD, DIP-8",,
U3,1,LM7805_TO220,TO-220-3_Vertical,,,,tht,"Positive 1A 35V Linear Regulator, Fixed Output 5V, TO-220",,
